date,ticker,price,decision,rsi,sentiment,reason
2025-12-19,ADA-USDT,0.3767,buy,38.54507011226941,POSITIVE,"AGG BUY | Sent:0.81 RSI:38.5 BB:0.21 MACD:-0.01"
2025-12-19,BNB-USDT,856.17,buy,43.52855785662722,POSITIVE,"AGG BUY | Sent:0.81 RSI:43.5 BB:0.27 MACD:-6.68"
2025-12-19,BTC-USDT,88136.94,buy,44.70169896522725,POSITIVE,"AGG BUY | Sent:0.81 RSI:44.7 BB:0.34 MACD:-657.68"
2025-12-19,DOGE-USDT,0.13222,buy,42.70274712678156,POSITIVE,"AGG BUY | Sent:0.81 RSI:42.7 BB:0.29 MACD:-0.00"
2025-12-19,DOT-USDT,1.849,buy,32.92069773635776,POSITIVE,"AGG BUY | Sent:0.81 RSI:32.9 BB:0.17 MACD:-0.01"
2025-12-19,ETH-USDT,2979.5,buy,46.605432659781634,POSITIVE,"AGG BUY | Sent:0.81 RSI:46.6 BB:0.37 MACD:-44.67"
2025-12-19,LTC-USDT,77.49,buy,38.92569423761791,POSITIVE,"AGG BUY | Sent:0.81 RSI:38.9 BB:0.23 MACD:-0.33"
2025-12-19,SOL-USDT,126.27,buy,43.89103853306418,POSITIVE,"AGG BUY | Sent:0.81 RSI:43.9 BB:0.25 MACD:-1.46"
2025-12-19,XRP-USDT,1.9092,buy,40.946291827287325,POSITIVE,"AGG BUY | Sent:0.81 RSI:40.9 BB:0.22 MACD:-0.02"
2025-12-20,ADA-USDT,0.373,buy,37.83520634096814,NEGATIVE,"AGG BUY | Sent:0.99 RSI:37.8 BB:0.21 MACD:-0.01"
2025-12-20,BNB-USDT,854.17,buy,43.147198753135854,NEGATIVE,"AGG BUY | Sent:0.99 RSI:43.1 BB:0.27 MACD:-5.70"
2025-12-20,BTC-USDT,88360.9,sell,45.309904567946205,NEGATIVE,"AGG SELL | Sent:0.99 RSI:45.3 BB:0.37 MACD:-488.38"
2025-12-20,DOGE-USDT,0.13194,sell,42.508147874978654,NEGATIVE,"AGG SELL | Sent:0.99 RSI:42.5 BB:0.31 MACD:-0.00"
2025-12-20,DOT-USDT,1.832,buy,32.3626266107489,NEGATIVE,"AGG BUY | Sent:0.99 RSI:32.4 BB:0.18 MACD:-0.01"
2025-12-20,ETH-USDT,2977.93,sell,46.53417109820499,NEGATIVE,"AGG SELL | Sent:0.99 RSI:46.5 BB:0.37 MACD:-36.24"
2025-12-20,LTC-USDT,77.84,buy,39.68465408838745,NEGATIVE,"AGG BUY | Sent:0.99 RSI:39.7 BB:0.28 MACD:-0.16"
2025-12-20,SOL-USDT,125.81,buy,43.46993875408932,NEGATIVE,"AGG BUY | Sent:0.99 RSI:43.5 BB:0.25 MACD:-1.18"
2025-12-20,XRP-USDT,1.9335,sell,42.916330003774455,NEGATIVE,"AGG SELL | Sent:0.99 RSI:42.9 BB:0.30 MACD:-0.01"
2025-12-21,ADA-USDT,0.3662,buy,36.50461167842407,POSITIVE,"AGG BUY | Sent:0.94 RSI:36.5 BB:0.17 MACD:-0.01"
2025-12-21,BNB-USDT,858.64,buy,44.321314793647545,POSITIVE,"AGG BUY | Sent:0.94 RSI:44.3 BB:0.28 MACD:-4.49"
2025-12-21,BTC-USDT,88658.86,buy,46.15836012242394,POSITIVE,"AGG BUY | Sent:0.94 RSI:46.2 BB:0.39 MACD:-336.69"
2025-12-21,DOGE-USDT,0.13112,buy,41.90586479406625,POSITIVE,"AGG BUY | Sent:0.94 RSI:41.9 BB:0.29 MACD:-0.00"
2025-12-21,DOT-USDT,1.802,buy,31.35255880391326,POSITIVE,"AGG BUY | Sent:0.94 RSI:31.4 BB:0.18 MACD:-0.01"
2025-12-21,ETH-USDT,3002.02,buy,47.85176103377846,POSITIVE,"AGG BUY | Sent:0.94 RSI:47.9 BB:0.39 MACD:-27.79"
2025-12-21,LTC-USDT,76.79,buy,38.15288403800872,POSITIVE,"AGG BUY | Sent:0.94 RSI:38.2 BB:0.21 MACD:-0.09"
2025-12-21,SOL-USDT,126.03,buy,43.74790839384581,POSITIVE,"AGG BUY | Sent:0.94 RSI:43.7 BB:0.26 MACD:-0.92"
2025-12-21,XRP-USDT,1.9223,buy,42.217270645784126,POSITIVE,"AGG BUY | Sent:0.94 RSI:42.2 BB:0.29 MACD:-0.01"
2025-12-22,ADA-USDT,0.3711,buy,38.19143721117231,POSITIVE,"AGG BUY | Sent:0.99 RSI:38.2 BB:0.24 MACD:-0.00"
2025-12-22,BNB-USDT,858.66,buy,44.3268548230036,POSITIVE,"AGG BUY | Sent:0.99 RSI:44.3 BB:0.29 MACD:-3.46"
2025-12-22,BTC-USDT,88620.79,buy,46.06003730924369,POSITIVE,"AGG BUY | Sent:0.99 RSI:46.1 BB:0.40 MACD:-224.67"
2025-12-22,DOGE-USDT,0.13258,buy,43.442402149136775,POSITIVE,"AGG BUY | Sent:0.99 RSI:43.4 BB:0.35 MACD:0.00"
2025-12-22,DOT-USDT,1.784,buy,30.732769049227244,POSITIVE,"AGG BUY | Sent:0.99 RSI:30.7 BB:0.18 MACD:-0.00"
2025-12-22,ETH-USDT,3009.49,buy,48.277411099216565,POSITIVE,"AGG BUY | Sent:0.99 RSI:48.3 BB:0.40 MACD:-20.77"
2025-12-22,LTC-USDT,77.05,buy,38.78298746067379,POSITIVE,"AGG BUY | Sent:0.99 RSI:38.8 BB:0.25 MACD:-0.00"
2025-12-22,SOL-USDT,125.93,buy,43.64285910784857,POSITIVE,"AGG BUY | Sent:0.99 RSI:43.6 BB:0.28 MACD:-0.69"
2025-12-22,XRP-USDT,1.9043,buy,41.05970282520593,POSITIVE,"AGG BUY | Sent:0.99 RSI:41.1 BB:0.27 MACD:-0.01"
2025-12-23,ADA-USDT,0.3628,buy,36.42617878537081,NEGATIVE,"AGG BUY | Sent:0.97 RSI:36.4 BB:0.21 MACD:-0.00"
2025-12-23,BNB-USDT,844.3,buy,41.16013925084488,NEGATIVE,"AGG BUY | Sent:0.97 RSI:41.2 BB:0.16 MACD:-3.52"
2025-12-23,BTC-USDT,87486,buy,43.112086239933014,NEGATIVE,"AGG BUY | Sent:0.97 RSI:43.1 BB:0.29 MACD:-212.86"
2025-12-23,DOGE-USDT,0.12928,buy,40.81471664622361,NEGATIVE,"AGG BUY | Sent:0.97 RSI:40.8 BB:0.26 MACD:0.00"
2025-12-23,DOT-USDT,1.765,buy,30.057327846709896,NEGATIVE,"AGG BUY | Sent:0.97 RSI:30.1 BB:0.18 MACD:-0.00"
2025-12-23,ETH-USDT,2965.02,sell,45.87671818107387,NEGATIVE,"AGG SELL | Sent:0.97 RSI:45.9 BB:0.34 MACD:-18.27"
2025-12-23,LTC-USDT,77.01,buy,38.71763340912483,NEGATIVE,"AGG BUY | Sent:0.97 RSI:38.7 BB:0.27 MACD:0.08"
2025-12-23,SOL-USDT,124.01,buy,41.578476031424266,NEGATIVE,"AGG BUY | Sent:0.97 RSI:41.6 BB:0.21 MACD:-0.61"
2025-12-23,XRP-USDT,1.8734,buy,39.078778302058396,NEGATIVE,"AGG BUY | Sent:0.97 RSI:39.1 BB:0.20 MACD:-0.01"
2025-12-24,ADA-USDT,0.3566,buy,35.12031182227215,POSITIVE,"AGG BUY | Sent:0.84 RSI:35.1 BB:0.19 MACD:-0.00"
2025-12-24,BNB-USDT,846.58,buy,41.87021704621486,POSITIVE,"AGG BUY | Sent:0.84 RSI:41.9 BB:0.21 MACD:-3.19"
2025-12-24,BTC-USDT,87669.45,buy,43.73897505962359,POSITIVE,"AGG BUY | Sent:0.84 RSI:43.7 BB:0.33 MACD:-179.88"
2025-12-24,DOGE-USDT,0.12856,buy,40.24277630781332,POSITIVE,"AGG BUY | Sent:0.84 RSI:40.2 BB:0.25 MACD:0.00"
2025-12-24,DOT-USDT,1.738,buy,29.079270736582743,POSITIVE,"AGG BUY | Sent:0.84 RSI:29.1 BB:0.17 MACD:-0.00"
2025-12-24,ETH-USDT,2947.47,buy,44.92721417123632,POSITIVE,"AGG BUY | Sent:0.84 RSI:44.9 BB:0.32 MACD:-16.98"
2025-12-24,LTC-USDT,75.79,buy,36.68701572020282,POSITIVE,"AGG BUY | Sent:0.84 RSI:36.7 BB:0.21 MACD:0.07"
2025-12-24,SOL-USDT,122.53,buy,40.00752046262813,POSITIVE,"AGG BUY | Sent:0.84 RSI:40.0 BB:0.17 MACD:-0.61"
2025-12-24,XRP-USDT,1.8628,buy,38.39446835300191,POSITIVE,"AGG BUY | Sent:0.84 RSI:38.4 BB:0.20 MACD:-0.01"
2025-12-25,ADA-USDT,0.3434,buy,32.45281097925734,NEGATIVE,"AGG BUY | Sent:0.98 RSI:32.5 BB:0.14 MACD:-0.00"
2025-12-25,BNB-USDT,829.64,buy,38.18324091614682,NEGATIVE,"AGG BUY | Sent:0.98 RSI:38.2 BB:0.08 MACD:-3.84"
2025-12-25,BTC-USDT,87225.27,buy,42.51728235229073,NEGATIVE,"AGG BUY | Sent:0.98 RSI:42.5 BB:0.29 MACD:-174.99"
2025-12-25,DOGE-USDT,0.12365,buy,36.48773650914301,NEGATIVE,"AGG BUY | Sent:0.98 RSI:36.5 BB:0.12 MACD:-0.00"
2025-12-25,DOT-USDT,1.685,buy,27.20771524414226,NEGATIVE,"AGG BUY | Sent:0.98 RSI:27.2 BB:0.13 MACD:-0.00"
2025-12-25,ETH-USDT,2903.95,buy,42.57408261372775,NEGATIVE,"AGG BUY | Sent:0.98 RSI:42.6 BB:0.26 MACD:-18.14"
2025-12-25,LTC-USDT,75.71,buy,36.55163991029832,NEGATIVE,"AGG BUY | Sent:0.98 RSI:36.6 BB:0.23 MACD:0.08"
2025-12-25,SOL-USDT,120.06,buy,37.46348351903773,NEGATIVE,"AGG BUY | Sent:0.98 RSI:37.5 BB:0.10 MACD:-0.71"
2025-12-25,XRP-USDT,1.8326,buy,36.43680536589761,NEGATIVE,"AGG BUY | Sent:0.98 RSI:36.4 BB:0.15 MACD:-0.01"
2025-12-26,ADA-USDT,0.3496,buy,34.95190849495627,POSITIVE,"AGG BUY | Sent:0.91 RSI:35.0 BB:0.21 MACD:-0.00"
2025-12-26,BNB-USDT,834.72,buy,39.89257987622124,POSITIVE,"AGG BUY | Sent:0.91 RSI:39.9 BB:0.17 MACD:-3.67"
2025-12-26,BTC-USDT,87369.56,buy,43.07353172912284,POSITIVE,"AGG BUY | Sent:0.91 RSI:43.1 BB:0.32 MACD:-150.01"
2025-12-26,DOGE-USDT,0.12211,buy,35.37287510054461,POSITIVE,"AGG BUY | Sent:0.91 RSI:35.4 BB:0.11 MACD:-0.00"
2025-12-26,DOT-USDT,1.723,buy,30.65386290354663,POSITIVE,"AGG BUY | Sent:0.91 RSI:30.7 BB:0.22 MACD:0.00"
2025-12-26,ETH-USDT,2927.99,buy,44.30928358866052,POSITIVE,"AGG BUY | Sent:0.91 RSI:44.3 BB:0.31 MACD:-16.42"
2025-12-26,LTC-USDT,76.87,buy,40.00841936714807,POSITIVE,"AGG BUY | Sent:0.91 RSI:40.0 BB:0.33 MACD:0.18"
2025-12-26,SOL-USDT,122.26,buy,41.05859742349554,POSITIVE,"AGG BUY | Sent:0.91 RSI:41.1 BB:0.23 MACD:-0.57"
2025-12-26,XRP-USDT,1.8437,buy,37.69427624399512,POSITIVE,"AGG BUY | Sent:0.91 RSI:37.7 BB:0.21 MACD:-0.00"
2025-12-27,ADA-USDT,0.37,sell,42.491243795663095,NEGATIVE,"AGG SELL | Sent:0.96 RSI:42.5 BB:0.37 MACD:-0.00"
2025-12-27,BNB-USDT,845.04,sell,43.321377958317186,NEGATIVE,"AGG SELL | Sent:0.96 RSI:43.3 BB:0.30 MACD:-2.64"
2025-12-27,BTC-USDT,87877.01,sell,45.08612511797914,NEGATIVE,"AGG SELL | Sent:0.96 RSI:45.1 BB:0.40 MACD:-90.23"
2025-12-27,DOGE-USDT,0.12435,buy,38.32474293425069,NEGATIVE,"AGG BUY | Sent:0.96 RSI:38.3 BB:0.22 MACD:-0.00"
2025-12-27,DOT-USDT,1.91,sell,44.56276334527729,NEGATIVE,"AGG SELL | Sent:0.96 RSI:44.6 BB:0.50 MACD:0.02"
2025-12-27,ETH-USDT,2949.05,sell,45.852852457895,NEGATIVE,"AGG SELL | Sent:0.96 RSI:45.9 BB:0.36 MACD:-13.13"
2025-12-27,LTC-USDT,80.33,sell,48.943616045937546,NEGATIVE,"AGG SELL | Sent:0.96 RSI:48.9 BB:0.60 MACD:0.47"
2025-12-27,SOL-USDT,124.73,sell,44.88926221420802,NEGATIVE,"AGG SELL | Sent:0.96 RSI:44.9 BB:0.36 MACD:-0.27"
2025-12-27,XRP-USDT,1.8735,sell,41.06514914021548,NEGATIVE,"AGG SELL | Sent:0.96 RSI:41.1 BB:0.32 MACD:-0.00"
2025-12-28,ADA-USDT,0.3688,sell,42.18153280415926,NEGATIVE,"AGG SELL | Sent:0.99 RSI:42.2 BB:0.38 MACD:0.00"
2025-12-28,BNB-USDT,859.32,sell,47.761903379448704,NEGATIVE,"AGG SELL | Sent:0.99 RSI:47.8 BB:0.48 MACD:-0.88"
2025-12-28,BTC-USDT,87952.71,sell,45.39626062572793,NEGATIVE,"AGG SELL | Sent:0.99 RSI:45.4 BB:0.42 MACD:-39.13"
2025-12-28,DOGE-USDT,0.12393,buy,37.974507423484006,NEGATIVE,"AGG BUY | Sent:0.99 RSI:38.0 BB:0.23 MACD:-0.00"
2025-12-28,DOT-USDT,1.851,sell,41.719575867220634,NEGATIVE,"AGG SELL | Sent:0.99 RSI:41.7 BB:0.43 MACD:0.02"
2025-12-28,ETH-USDT,2950.91,sell,45.99522120354359,NEGATIVE,"AGG SELL | Sent:0.99 RSI:46.0 BB:0.38 MACD:-10.23"
2025-12-28,LTC-USDT,78.73,sell,45.56402275626006,NEGATIVE,"AGG SELL | Sent:0.99 RSI:45.6 BB:0.49 MACD:0.56"
2025-12-28,SOL-USDT,125.27,sell,45.71983243025061,NEGATIVE,"AGG SELL | Sent:0.99 RSI:45.7 BB:0.40 MACD:-0.01"
2025-12-28,XRP-USDT,1.8654,sell,40.42494669879746,NEGATIVE,"AGG SELL | Sent:0.99 RSI:40.4 BB:0.31 MACD:0.00"
2025-12-29,ADA-USDT,0.3532,buy,38.27574322149699,NEGATIVE,"AGG BUY | Sent:1.00 RSI:38.3 BB:0.27 MACD:0.00"
2025-12-29,BNB-USDT,852.46,sell,45.90143648682379,NEGATIVE,"AGG SELL | Sent:1.00 RSI:45.9 BB:0.42 MACD:-0.09"
2025-12-29,BTC-USDT,87237.13,sell,42.92818250836419,NEGATIVE,"AGG SELL | Sent:1.00 RSI:42.9 BB:0.35 MACD:-46.54"
2025-12-29,DOGE-USDT,0.12288,buy,37.06261895501899,NEGATIVE,"AGG BUY | Sent:1.00 RSI:37.1 BB:0.20 MACD:-0.00"
2025-12-29,DOT-USDT,1.824,sell,40.44775984000347,NEGATIVE,"AGG SELL | Sent:1.00 RSI:40.4 BB:0.41 MACD:0.03"
2025-12-29,ETH-USDT,2937.9,sell,45.101949804997886,NEGATIVE,"AGG SELL | Sent:1.00 RSI:45.1 BB:0.37 MACD:-8.65"
2025-12-29,LTC-USDT,78.32,sell,44.71201954755853,NEGATIVE,"AGG SELL | Sent:1.00 RSI:44.7 BB:0.49 MACD:0.57"
2025-12-29,SOL-USDT,123.28,sell,43.139592080516174,NEGATIVE,"AGG SELL | Sent:1.00 RSI:43.1 BB:0.32 MACD:0.06"
2025-12-29,XRP-USDT,1.8508,buy,39.23754340057762,NEGATIVE,"AGG BUY | Sent:1.00 RSI:39.2 BB:0.28 MACD:0.00"
2025-12-30,ADA-USDT,0.3514,buy,37.840357376872994,NEGATIVE,"AGG BUY | Sent:0.61 RSI:37.8 BB:0.25 MACD:0.00"
2025-12-30,BNB-USDT,861.65,sell,48.77987548043565,NEGATIVE,"AGG SELL | Sent:0.61 RSI:48.8 BB:0.56 MACD:1.08"
2025-12-30,BTC-USDT,88485.49,sell,48.217373279842015,NEGATIVE,"AGG SELL | Sent:0.61 RSI:48.2 BB:0.56 MACD:35.19"
2025-12-30,DOGE-USDT,0.12336,buy,37.79796337437054,NEGATIVE,"AGG BUY | Sent:0.61 RSI:37.8 BB:0.24 MACD:0.00"
2025-12-30,DOT-USDT,1.811,buy,39.81835226573451,NEGATIVE,"AGG BUY | Sent:0.61 RSI:39.8 BB:0.41 MACD:0.03"
2025-12-30,ETH-USDT,2973.69,sell,48.08871824904564,NEGATIVE,"AGG SELL | Sent:0.61 RSI:48.1 BB:0.48 MACD:-4.85"
2025-12-30,LTC-USDT,78.89,sell,46.21770475961308,NEGATIVE,"AGG SELL | Sent:0.61 RSI:46.2 BB:0.58 MACD:0.61"
2025-12-30,SOL-USDT,125.01,sell,45.99312127970296,NEGATIVE,"AGG SELL | Sent:0.61 RSI:46.0 BB:0.44 MACD:0.23"
2025-12-30,XRP-USDT,1.8776,sell,42.57210187728622,NEGATIVE,"AGG SELL | Sent:0.61 RSI:42.6 BB:0.39 MACD:0.00"
2025-12-31,ADA-USDT,0.3335,buy,33.73124302362301,POSITIVE,"AGG BUY | Sent:1.00 RSI:33.7 BB:0.07 MACD:-0.00"
2025-12-31,BNB-USDT,864.3,buy,49.61242448128477,POSITIVE,"AGG BUY | Sent:1.00 RSI:49.6 BB:0.61 MACD:1.99"
2025-12-31,BTC-USDT,87648.22,buy,45.19225793833386,POSITIVE,"AGG BUY | Sent:1.00 RSI:45.2 BB:0.45 MACD:35.33"
2025-12-31,DOGE-USDT,0.11747,buy,32.74258326689863,POSITIVE,"AGG BUY | Sent:1.00 RSI:32.7 BB:0.02 MACD:-0.00"
2025-12-31,DOT-USDT,1.789,buy,38.7202577002445,POSITIVE,"AGG BUY | Sent:1.00 RSI:38.7 BB:0.37 MACD:0.03"
2025-12-31,ETH-USDT,2971.64,buy,47.927872483736614,POSITIVE,"AGG BUY | Sent:1.00 RSI:47.9 BB:0.52 MACD:-2.26"
2025-12-31,LTC-USDT,76.85,buy,41.827311669244,POSITIVE,"AGG BUY | Sent:1.00 RSI:41.8 BB:0.37 MACD:0.49"
2025-12-31,SOL-USDT,124.65,buy,45.48161693499443,POSITIVE,"AGG BUY | Sent:1.00 RSI:45.5 BB:0.44 MACD:0.33"
2025-12-31,XRP-USDT,1.8423,buy,39.497445296263905,POSITIVE,"AGG BUY | Sent:1.00 RSI:39.5 BB:0.27 MACD:0.00"
2026-01-01,ADA-USDT,0.3565,sell,42.38817698197445,NEGATIVE,"AGG SELL | Sent:1.00 RSI:42.4 BB:0.36 MACD:0.00"
2026-01-01,BNB-USDT,864.39,sell,49.642362002905884,NEGATIVE,"AGG SELL | Sent:1.00 RSI:49.6 BB:0.64 MACD:2.53"
2026-01-01,BTC-USDT,88839.04,sell,49.997299245566055,NEGATIVE,"AGG SELL | Sent:1.00 RSI:50.0 BB:0.75 MACD:113.68"
2026-01-01,DOGE-USDT,0.12683,sell,45.26987268544802,NEGATIVE,"AGG SELL | Sent:1.00 RSI:45.3 BB:0.46 MACD:0.00"
2026-01-01,DOT-USDT,1.999,sell,52.255380289755436,NEGATIVE,"AGG SELL | Sent:1.00 RSI:52.3 BB:0.95 MACD:0.04"
2026-01-01,ETH-USDT,3004.19,sell,50.74495130009505,NEGATIVE,"AGG SELL | Sent:1.00 RSI:50.7 BB:0.66 MACD:1.65"
2026-01-01,LTC-USDT,79.97,sell,49.69763455892535,NEGATIVE,"AGG SELL | Sent:1.00 RSI:49.7 BB:0.82 MACD:0.60"
2026-01-01,SOL-USDT,126.9,sell,49.27838621473924,NEGATIVE,"AGG SELL | Sent:1.00 RSI:49.3 BB:0.63 MACD:0.54"
2026-01-01,XRP-USDT,1.8799,sell,44.12633177226169,NEGATIVE,"AGG SELL | Sent:1.00 RSI:44.1 BB:0.46 MACD:0.01"
2026-01-02,ADA-USDT,0.3949,sell,53.346162537833585,NEGATIVE,"AGG SELL | Sent:0.99 RSI:53.3 BB:0.93 MACD:0.00"
2026-01-02,BNB-USDT,881.25,sell,55.032400099009436,NEGATIVE,"AGG SELL | Sent:0.99 RSI:55.0 BB:0.96 MACD:3.87"
2026-01-02,BTC-USDT,89995.13,sell,54.195768912598155,NEGATIVE,"AGG SELL | Sent:0.99 RSI:54.2 BB:1.05 MACD:234.46"
2026-01-02,DOGE-USDT,0.14188,sell,58.616917061546445,NEGATIVE,"AGG SELL | Sent:0.99 RSI:58.6 BB:1.13 MACD:0.00"
2026-01-02,DOT-USDT,2.166,sell,59.85009765509749,NEGATIVE,"AGG SELL | Sent:0.99 RSI:59.9 BB:1.24 MACD:0.06"
2026-01-02,ETH-USDT,3125.45,sell,59.52890246066129,NEGATIVE,"AGG SELL | Sent:0.99 RSI:59.5 BB:1.11 MACD:11.84"
2026-01-02,LTC-USDT,81.93,sell,53.91569340161468,NEGATIVE,"AGG SELL | Sent:0.99 RSI:53.9 BB:1.08 MACD:0.79"
2026-01-02,SOL-USDT,132.29,sell,57.0033550985849,NEGATIVE,"AGG SELL | Sent:0.99 RSI:57.0 BB:1.08 MACD:1.01"
2026-01-02,XRP-USDT,2.0069,sell,56.290429819080416,NEGATIVE,"AGG SELL | Sent:0.99 RSI:56.3 BB:1.11 MACD:0.02"
2026-01-03,ADA-USDT,0.3893,sell,51.79884078008906,NEGATIVE,"AGG SELL | Sent:1.00 RSI:51.8 BB:0.86 MACD:0.01"
2026-01-03,BNB-USDT,878.63,sell,54.06398195625399,NEGATIVE,"AGG SELL | Sent:1.00 RSI:54.1 BB:0.91 MACD:4.40"
2026-01-03,BTC-USDT,90628.01,sell,56.35617206756025,NEGATIVE,"AGG SELL | Sent:1.00 RSI:56.4 BB:1.08 MACD:341.58"
2026-01-03,DOGE-USDT,0.14315,sell,59.51416738915311,NEGATIVE,"AGG SELL | Sent:1.00 RSI:59.5 BB:1.08 MACD:0.00"
2026-01-03,DOT-USDT,2.125,sell,57.4345667615297,NEGATIVE,"AGG SELL | Sent:1.00 RSI:57.4 BB:1.05 MACD:0.06"
2026-01-03,ETH-USDT,3127.11,sell,59.635027783646365,NEGATIVE,"AGG SELL | Sent:1.00 RSI:59.6 BB:1.05 MACD:17.77"
2026-01-03,LTC-USDT,82.08,sell,54.23199839426641,NEGATIVE,"AGG SELL | Sent:1.00 RSI:54.2 BB:1.01 MACD:0.88"
2026-01-03,SOL-USDT,133.37,sell,58.37144514784385,NEGATIVE,"AGG SELL | Sent:1.00 RSI:58.4 BB:1.08 MACD:1.35"
2026-01-03,XRP-USDT,2.0182,sell,57.18361625149666,NEGATIVE,"AGG SELL | Sent:1.00 RSI:57.2 BB:1.10 MACD:0.02"
2026-01-04,ADA-USDT,0.4007,buy,54.680633791965214,POSITIVE,"AGG BUY | Sent:1.00 RSI:54.7 BB:0.99 MACD:0.01"
2026-01-04,BNB-USDT,895.43,buy,59.0411764400036,POSITIVE,"AGG BUY | Sent:1.00 RSI:59.0 BB:1.06 MACD:5.61"
2026-01-04,BTC-USDT,91529.73,buy,59.30155670876091,POSITIVE,"AGG BUY | Sent:1.00 RSI:59.3 BB:1.11 MACD:450.90"
2026-01-04,DOGE-USDT,0.14953,buy,63.76453299168405,POSITIVE,"AGG BUY | Sent:1.00 RSI:63.8 BB:1.13 MACD:0.00"
2026-01-04,DOT-USDT,2.142,buy,58.188091427336644,POSITIVE,"AGG BUY | Sent:1.00 RSI:58.2 BB:1.00 MACD:0.06"
2026-01-04,ETH-USDT,3144.7,buy,60.807806427765854,POSITIVE,"AGG BUY | Sent:1.00 RSI:60.8 BB:1.01 MACD:21.70"
2026-01-04,LTC-USDT,82.26,buy,54.63438702593737,POSITIVE,"AGG BUY | Sent:1.00 RSI:54.6 BB:0.96 MACD:0.92"
2026-01-04,SOL-USDT,134.12,buy,59.33901037407095,POSITIVE,"AGG BUY | Sent:1.00 RSI:59.3 BB:1.03 MACD:1.55"
2026-01-04,XRP-USDT,2.0909,buy,62.493797303619324,POSITIVE,"AGG BUY | Sent:1.00 RSI:62.5 BB:1.19 MACD:0.03"
2026-01-05,ADA-USDT,0.4211,sell,59.362725084111865,NEGATIVE,"AGG SELL | Sent:0.97 RSI:59.4 BB:1.13 MACD:0.01"
2026-01-05,BNB-USDT,910.31,sell,62.87775288160296,NEGATIVE,"AGG SELL | Sent:0.97 RSI:62.9 BB:1.13 MACD:7.06"
2026-01-05,BTC-USDT,93859.71,sell,65.73614270846723,NEGATIVE,"AGG SELL | Sent:0.97 RSI:65.7 BB:1.22 MACD:645.99"
2026-01-05,DOGE-USDT,0.15171,sell,65.11230367313058,NEGATIVE,"AGG SELL | Sent:0.97 RSI:65.1 BB:1.07 MACD:0.00"
2026-01-05,DOT-USDT,2.208,sell,61.06953243270334,NEGATIVE,"AGG SELL | Sent:0.97 RSI:61.1 BB:1.02 MACD:0.07"
2026-01-05,ETH-USDT,3224.99,sell,65.7057423518529,NEGATIVE,"AGG SELL | Sent:0.97 RSI:65.7 BB:1.09 MACD:28.12"
2026-01-05,LTC-USDT,83.46,sell,57.32791237418434,NEGATIVE,"AGG SELL | Sent:0.97 RSI:57.3 BB:1.00 MACD:0.98"
2026-01-05,SOL-USDT,137.9,sell,63.893963888776725,NEGATIVE,"AGG SELL | Sent:0.97 RSI:63.9 BB:1.12 MACD:1.85"
2026-01-05,XRP-USDT,2.3478,sell,74.51971077404066,NEGATIVE,"AGG SELL | Sent:0.97 RSI:74.5 BB:1.37 MACD:0.05"
2026-01-06,ADA-USDT,0.4194,sell,58.817387764110464,NEGATIVE,"AGG SELL | Sent:0.99 RSI:58.8 BB:1.01 MACD:0.01"
2026-01-06,BNB-USDT,917.64,sell,64.63508839360834,NEGATIVE,"AGG SELL | Sent:0.99 RSI:64.6 BB:1.07 MACD:8.08"
2026-01-06,BTC-USDT,93747.97,sell,65.20372027665137,NEGATIVE,"AGG SELL | Sent:0.99 RSI:65.2 BB:1.07 MACD:727.31"
2026-01-06,DOGE-USDT,0.15055,sell,63.75345208438483,NEGATIVE,"AGG SELL | Sent:0.99 RSI:63.8 BB:0.96 MACD:0.00"
2026-01-06,DOT-USDT,2.235,sell,62.21666738776859,NEGATIVE,"AGG SELL | Sent:0.99 RSI:62.2 BB:0.97 MACD:0.07"
2026-01-06,ETH-USDT,3296.84,sell,69.39209690633507,NEGATIVE,"AGG SELL | Sent:0.99 RSI:69.4 BB:1.12 MACD:35.16"
2026-01-06,LTC-USDT,83.96,sell,58.435281892096725,NEGATIVE,"AGG SELL | Sent:0.99 RSI:58.4 BB:0.97 MACD:1.01"
2026-01-06,SOL-USDT,141.08,sell,67.22075098081068,NEGATIVE,"AGG SELL | Sent:0.99 RSI:67.2 BB:1.11 MACD:2.16"
2026-01-06,XRP-USDT,2.3042,sell,70.39436870873008,NEGATIVE,"AGG SELL | Sent:0.99 RSI:70.4 BB:1.11 MACD:0.06"
2026-01-07,ADA-USDT,0.4022,sell,53.46569900237864,NEGATIVE,"AGG SELL | Sent:0.99 RSI:53.5 BB:0.80 MACD:0.01"
2026-01-07,BNB-USDT,900.3,sell,57.678959123299975,NEGATIVE,"AGG SELL | Sent:0.99 RSI:57.7 BB:0.86 MACD:7.19"
2026-01-07,BTC-USDT,91364.16,sell,54.974131840838695,NEGATIVE,"AGG SELL | Sent:0.99 RSI:55.0 BB:0.77 MACD:586.41"
2026-01-07,DOGE-USDT,0.14642,sell,59.03001026768977,NEGATIVE,"AGG SELL | Sent:0.99 RSI:59.0 BB:0.82 MACD:0.00"
2026-01-07,DOT-USDT,2.145,sell,56.265148800759015,NEGATIVE,"AGG SELL | Sent:0.99 RSI:56.3 BB:0.81 MACD:0.06"
2026-01-07,ETH-USDT,3168.72,sell,57.519048663806885,NEGATIVE,"AGG SELL | Sent:0.99 RSI:57.5 BB:0.81 MACD:29.38"
2026-01-07,LTC-USDT,81.71,sell,51.90736182082246,NEGATIVE,"AGG SELL | Sent:0.99 RSI:51.9 BB:0.74 MACD:0.83"
2026-01-07,SOL-USDT,136.39,sell,58.63923703372057,NEGATIVE,"AGG SELL | Sent:0.99 RSI:58.6 BB:0.86 MACD:1.94"
2026-01-07,XRP-USDT,2.1657,sell,59.18571025286934,NEGATIVE,"AGG SELL | Sent:0.99 RSI:59.2 BB:0.84 MACD:0.05"
2026-01-08,ADA-USDT,0.3956,sell,51.528248275009894,NEGATIVE,"AGG SELL | Sent:0.93 RSI:51.5 BB:0.72 MACD:0.01"
2026-01-08,BNB-USDT,892.26,sell,54.73741594695769,NEGATIVE,"AGG SELL | Sent:0.93 RSI:54.7 BB:0.75 MACD:5.71"
2026-01-08,BTC-USDT,91099.99,sell,53.96375247265864,NEGATIVE,"AGG SELL | Sent:0.93 RSI:54.0 BB:0.72 MACD:447.54"
2026-01-08,DOGE-USDT,0.14194,sell,54.32792372764227,NEGATIVE,"AGG SELL | Sent:0.93 RSI:54.3 BB:0.70 MACD:0.00"
2026-01-08,DOT-USDT,2.111,sell,54.15748830630002,NEGATIVE,"AGG SELL | Sent:0.93 RSI:54.2 BB:0.74 MACD:0.05"
2026-01-08,ETH-USDT,3106.65,sell,52.805172336571204,NEGATIVE,"AGG SELL | Sent:0.93 RSI:52.8 BB:0.66 MACD:20.02"
2026-01-08,LTC-USDT,81.31,sell,50.82043521068405,NEGATIVE,"AGG SELL | Sent:0.93 RSI:50.8 BB:0.69 MACD:0.66"
2026-01-08,SOL-USDT,138.37,sell,60.908179479640154,NEGATIVE,"AGG SELL | Sent:0.93 RSI:60.9 BB:0.89 MACD:1.83"
2026-01-08,XRP-USDT,2.1232,sell,56.22711628344015,NEGATIVE,"AGG SELL | Sent:0.93 RSI:56.2 BB:0.74 MACD:0.04"
2026-01-09,ADA-USDT,0.3914,sell,50.279608000917456,NEGATIVE,"AGG SELL | Sent:0.99 RSI:50.3 BB:0.66 MACD:0.01"
2026-01-09,BNB-USDT,896.86,sell,56.11636085172573,NEGATIVE,"AGG SELL | Sent:0.99 RSI:56.1 BB:0.77 MACD:4.75"
2026-01-09,BTC-USDT,90641.28,sell,52.17070339403932,NEGATIVE,"AGG SELL | Sent:0.99 RSI:52.2 BB:0.65 MACD:303.80"
2026-01-09,DOGE-USDT,0.14071,sell,53.07782965419977,NEGATIVE,"AGG SELL | Sent:0.99 RSI:53.1 BB:0.66 MACD:0.00"
2026-01-09,DOT-USDT,2.083,sell,52.4161230449569,NEGATIVE,"AGG SELL | Sent:0.99 RSI:52.4 BB:0.68 MACD:0.04"
2026-01-09,ETH-USDT,3088.4,sell,51.46955301454693,NEGATIVE,"AGG SELL | Sent:0.99 RSI:51.5 BB:0.61 MACD:11.64"
2026-01-09,LTC-USDT,81.49,sell,51.314482197941494,NEGATIVE,"AGG SELL | Sent:0.99 RSI:51.3 BB:0.69 MACD:0.53"
2026-01-09,SOL-USDT,135.97,sell,56.83807958147034,NEGATIVE,"AGG SELL | Sent:0.99 RSI:56.8 BB:0.77 MACD:1.51"
2026-01-09,XRP-USDT,2.0958,sell,54.34110920202815,NEGATIVE,"AGG SELL | Sent:0.99 RSI:54.3 BB:0.68 MACD:0.03"
2026-01-10,ADA-USDT,0.3886,sell,49.41982941076107,NEGATIVE,"AGG SELL | Sent:1.00 RSI:49.4 BB:0.62 MACD:0.00"
2026-01-10,BNB-USDT,907.93,sell,59.32766300140887,NEGATIVE,"AGG SELL | Sent:1.00 RSI:59.3 BB:0.83 MACD:4.56"
2026-01-10,BTC-USDT,90504.7,sell,51.6207223804526,NEGATIVE,"AGG SELL | Sent:1.00 RSI:51.6 BB:0.62 MACD:184.39"
2026-01-10,DOGE-USDT,0.13965,sell,51.96803827032822,NEGATIVE,"AGG SELL | Sent:1.00 RSI:52.0 BB:0.63 MACD:0.00"
2026-01-10,DOT-USDT,2.093,sell,52.99739575663366,NEGATIVE,"AGG SELL | Sent:1.00 RSI:53.0 BB:0.68 MACD:0.03"
2026-01-10,ETH-USDT,3086.72,sell,51.340816987972204,NEGATIVE,"AGG SELL | Sent:1.00 RSI:51.3 BB:0.59 MACD:5.37"
2026-01-10,LTC-USDT,81.19,sell,50.405624259710095,NEGATIVE,"AGG SELL | Sent:1.00 RSI:50.4 BB:0.64 MACD:0.40"
2026-01-10,SOL-USDT,135.84,sell,56.61738278274372,NEGATIVE,"AGG SELL | Sent:1.00 RSI:56.6 BB:0.74 MACD:1.21"
2026-01-10,XRP-USDT,2.0907,sell,53.978181553398976,NEGATIVE,"AGG SELL | Sent:1.00 RSI:54.0 BB:0.66 MACD:0.02"
2026-01-11,ADA-USDT,0.391,sell,50.2058090883557,NEGATIVE,"AGG SELL | Sent:1.00 RSI:50.2 BB:0.64 MACD:0.00"
2026-01-11,BNB-USDT,904.32,sell,57.841180012500935,NEGATIVE,"AGG SELL | Sent:1.00 RSI:57.8 BB:0.77 MACD:3.92"
2026-01-11,BTC-USDT,91013.65,sell,53.58434567585644,NEGATIVE,"AGG SELL | Sent:1.00 RSI:53.6 BB:0.67 MACD:127.28"
2026-01-11,DOGE-USDT,0.13801,sell,50.21853445869225,NEGATIVE,"AGG SELL | Sent:1.00 RSI:50.2 BB:0.58 MACD:0.00"
2026-01-11,DOT-USDT,2.07,sell,51.44092348813734,NEGATIVE,"AGG SELL | Sent:1.00 RSI:51.4 BB:0.63 MACD:0.02"
2026-01-11,ETH-USDT,3123.45,sell,54.04701612170161,NEGATIVE,"AGG SELL | Sent:1.00 RSI:54.0 BB:0.66 MACD:3.17"
2026-01-11,LTC-USDT,78.79,sell,43.732422449064714,NEGATIVE,"AGG SELL | Sent:1.00 RSI:43.7 BB:0.40 MACD:0.15"
2026-01-11,SOL-USDT,139.7,sell,61.40889389990784,NEGATIVE,"AGG SELL | Sent:1.00 RSI:61.4 BB:0.85 MACD:1.20"
2026-01-11,XRP-USDT,2.0745,sell,52.7725105036515,NEGATIVE,"AGG SELL | Sent:1.00 RSI:52.8 BB:0.62 MACD:0.01"
2026-01-12,ADA-USDT,0.3862,sell,48.57987803216125,NEGATIVE,"AGG SELL | Sent:0.83 RSI:48.6 BB:0.58 MACD:0.00"
2026-01-12,BNB-USDT,905.78,sell,58.29628104912658,NEGATIVE,"AGG SELL | Sent:0.83 RSI:58.3 BB:0.76 MACD:3.34"
2026-01-12,BTC-USDT,91296.2,sell,54.68399766252479,NEGATIVE,"AGG SELL | Sent:0.83 RSI:54.7 BB:0.68 MACD:97.46"
2026-01-12,DOGE-USDT,0.13662,sell,48.72142288184625,NEGATIVE,"AGG SELL | Sent:0.83 RSI:48.7 BB:0.54 MACD:0.00"
2026-01-12,DOT-USDT,2.055,sell,50.40129854619404,NEGATIVE,"AGG SELL | Sent:0.83 RSI:50.4 BB:0.59 MACD:0.02"
2026-01-12,ETH-USDT,3095.75,sell,51.711280140086046,NEGATIVE,"AGG SELL | Sent:0.83 RSI:51.7 BB:0.59 MACD:-0.47"
2026-01-12,LTC-USDT,76.12,buy,37.74548198210552,NEGATIVE,"AGG BUY | Sent:0.83 RSI:37.7 BB:0.14 MACD:-0.19"
2026-01-12,SOL-USDT,139.22,sell,60.51383819098252,NEGATIVE,"AGG SELL | Sent:0.83 RSI:60.5 BB:0.80 MACD:1.09"
2026-01-12,XRP-USDT,2.054,sell,51.21360614863665,NEGATIVE,"AGG SELL | Sent:0.83 RSI:51.2 BB:0.58 MACD:0.01"
2026-01-13,ADA-USDT,0.4218,sell,59.14717077312458,NEGATIVE,"AGG SELL | Sent:1.00 RSI:59.1 BB:0.88 MACD:0.00"
2026-01-13,BNB-USDT,943.73,sell,67.97387472913336,NEGATIVE,"AGG SELL | Sent:1.00 RSI:68.0 BB:1.01 MACD:5.15"
2026-01-13,BTC-USDT,95414,sell,66.96677094990693,NEGATIVE,"AGG SELL | Sent:1.00 RSI:67.0 BB:1.05 MACD:330.85"
2026-01-13,DOGE-USDT,0.14828,sell,59.601338833100236,NEGATIVE,"AGG SELL | Sent:1.00 RSI:59.6 BB:0.78 MACD:0.00"
2026-01-13,DOT-USDT,2.282,sell,62.69013773091952,NEGATIVE,"AGG SELL | Sent:1.00 RSI:62.7 BB:0.87 MACD:0.02"
2026-01-13,ETH-USDT,3325.82,sell,65.17372552160079,NEGATIVE,"AGG SELL | Sent:1.00 RSI:65.2 BB:1.01 MACD:11.62"
2026-01-13,LTC-USDT,78.18,sell,44.10356451551418,NEGATIVE,"AGG SELL | Sent:1.00 RSI:44.1 BB:0.32 MACD:-0.26"
2026-01-13,SOL-USDT,145.51,sell,67.25015022108288,NEGATIVE,"AGG SELL | Sent:1.00 RSI:67.3 BB:0.95 MACD:1.35"
2026-01-13,XRP-USDT,2.1655,sell,58.409878538666135,NEGATIVE,"AGG SELL | Sent:1.00 RSI:58.4 BB:0.73 MACD:0.01"
2026-01-14,ADA-USDT,0.4143,sell,56.51224059496425,NEGATIVE,"AGG SELL | Sent:1.00 RSI:56.5 BB:0.78 MACD:0.00"
2026-01-14,BNB-USDT,948.47,sell,68.94326712851614,NEGATIVE,"AGG SELL | Sent:1.00 RSI:68.9 BB:0.99 MACD:6.24"
2026-01-14,BTC-USDT,96951.78,sell,70.21371515592365,NEGATIVE,"AGG SELL | Sent:1.00 RSI:70.2 BB:1.08 MACD:551.58"
2026-01-14,DOGE-USDT,0.14718,sell,58.3436817977365,NEGATIVE,"AGG SELL | Sent:1.00 RSI:58.3 BB:0.73 MACD:0.00"
2026-01-14,DOT-USDT,2.226,sell,58.81844446929401,NEGATIVE,"AGG SELL | Sent:1.00 RSI:58.8 BB:0.77 MACD:0.02"
2026-01-14,ETH-USDT,3354.92,sell,66.44786254136457,NEGATIVE,"AGG SELL | Sent:1.00 RSI:66.4 BB:0.99 MACD:20.09"
2026-01-14,LTC-USDT,76.67,buy,40.813155613901216,NEGATIVE,"AGG BUY | Sent:1.00 RSI:40.8 BB:0.15 MACD:-0.39"
2026-01-14,SOL-USDT,146.69,sell,68.3413049269306,NEGATIVE,"AGG SELL | Sent:1.00 RSI:68.3 BB:0.94 MACD:1.50"
2026-01-14,XRP-USDT,2.1394,sell,56.31581631064627,NEGATIVE,"AGG SELL | Sent:1.00 RSI:56.3 BB:0.67 MACD:0.01"
2026-01-15,ADA-USDT,0.3936,sell,49.90429006331502,NEGATIVE,"AGG SELL | Sent:0.97 RSI:49.9 BB:0.56 MACD:0.00"
2026-01-15,BNB-USDT,931.2,sell,61.62435883876285,NEGATIVE,"AGG SELL | Sent:0.97 RSI:61.6 BB:0.82 MACD:5.39"
2026-01-15,BTC-USDT,95604.8,sell,64.25588235224383,NEGATIVE,"AGG SELL | Sent:0.97 RSI:64.3 BB:0.90 MACD:567.44"
2026-01-15,DOGE-USDT,0.14004,sell,50.84410094768247,NEGATIVE,"AGG SELL | Sent:0.97 RSI:50.8 BB:0.55 MACD:0.00"
2026-01-15,DOT-USDT,2.117,sell,52.076754406916606,NEGATIVE,"AGG SELL | Sent:0.97 RSI:52.1 BB:0.59 MACD:0.02"
2026-01-15,ETH-USDT,3318.69,sell,63.34078163299023,NEGATIVE,"AGG SELL | Sent:0.97 RSI:63.3 BB:0.88 MACD:21.63"
2026-01-15,LTC-USDT,72.21,buy,32.98535234176758,NEGATIVE,"AGG BUY | Sent:0.97 RSI:33.0 BB:-0.16 MACD:-0.73"
2026-01-15,SOL-USDT,142.4,sell,60.45506993551074,NEGATIVE,"AGG SELL | Sent:0.97 RSI:60.5 BB:0.77 MACD:1.22"
2026-01-15,XRP-USDT,2.0789,sell,51.689794888260884,NEGATIVE,"AGG SELL | Sent:0.97 RSI:51.7 BB:0.55 MACD:0.00"
2026-01-16,ADA-USDT,0.3955,sell,50.47669297386278,NEGATIVE,"AGG SELL | Sent:1.00 RSI:50.5 BB:0.57 MACD:0.00"
2026-01-16,BNB-USDT,938.16,sell,63.314602290582236,NEGATIVE,"AGG SELL | Sent:1.00 RSI:63.3 BB:0.85 MACD:4.91"
2026-01-16,BTC-USDT,95550.94,sell,64.02195276207914,NEGATIVE,"AGG SELL | Sent:1.00 RSI:64.0 BB:0.86 MACD:535.30"
2026-01-16,DOGE-USDT,0.13813,sell,49.02853545878402,NEGATIVE,"AGG SELL | Sent:1.00 RSI:49.0 BB:0.49 MACD:0.00"
2026-01-16,DOT-USDT,2.119,sell,52.18504909211297,NEGATIVE,"AGG SELL | Sent:1.00 RSI:52.2 BB:0.58 MACD:0.01"
2026-01-16,ETH-USDT,3296.28,sell,61.42744150486828,NEGATIVE,"AGG SELL | Sent:1.00 RSI:61.4 BB:0.80 MACD:19.57"
2026-01-16,LTC-USDT,75.22,buy,41.1841542582098,NEGATIVE,"AGG BUY | Sent:1.00 RSI:41.2 BB:0.15 MACD:-0.71"
2026-01-16,SOL-USDT,144.89,sell,63.11552993290164,NEGATIVE,"AGG SELL | Sent:1.00 RSI:63.1 BB:0.82 MACD:1.11"
2026-01-16,XRP-USDT,2.0678,sell,50.86424720179459,NEGATIVE,"AGG SELL | Sent:1.00 RSI:50.9 BB:0.52 MACD:-0.00"
2026-01-17,ADA-USDT,0.3973,sell,51.04735769349745,NEGATIVE,"AGG SELL | Sent:0.99 RSI:51.0 BB:0.58 MACD:0.00"
2026-01-17,BNB-USDT,947.12,sell,65.42580139691194,NEGATIVE,"AGG SELL | Sent:0.99 RSI:65.4 BB:0.88 MACD:4.81"
2026-01-17,BTC-USDT,95147.77,sell,62.1966055187375,NEGATIVE,"AGG SELL | Sent:0.99 RSI:62.2 BB:0.79 MACD:451.24"
2026-01-17,DOGE-USDT,0.13788,sell,48.78299046110251,NEGATIVE,"AGG SELL | Sent:0.99 RSI:48.8 BB:0.47 MACD:-0.00"
2026-01-17,DOT-USDT,2.179,sell,55.43837713810791,NEGATIVE,"AGG SELL | Sent:0.99 RSI:55.4 BB:0.66 MACD:0.01"
2026-01-17,ETH-USDT,3310.56,sell,62.21077691543869,NEGATIVE,"AGG SELL | Sent:0.99 RSI:62.2 BB:0.80 MACD:17.67"
2026-01-17,LTC-USDT,74.92,buy,40.65034714502536,NEGATIVE,"AGG BUY | Sent:0.99 RSI:40.7 BB:0.16 MACD:-0.68"
2026-01-17,SOL-USDT,143.72,sell,61.0375830228017,NEGATIVE,"AGG SELL | Sent:0.99 RSI:61.0 BB:0.76 MACD:0.89"
2026-01-17,XRP-USDT,2.0631,sell,50.496492586292085,NEGATIVE,"AGG SELL | Sent:0.99 RSI:50.5 BB:0.49 MACD:-0.01"
2026-01-18,ADA-USDT,0.3758,sell,44.45761860174648,NEGATIVE,"AGG SELL | Sent:1.00 RSI:44.5 BB:0.33 MACD:-0.00"
2026-01-18,BNB-USDT,932.51,sell,59.420947765869236,NEGATIVE,"AGG SELL | Sent:1.00 RSI:59.4 BB:0.74 MACD:3.43"
2026-01-18,BTC-USDT,93673.14,sell,55.91690097007116,NEGATIVE,"AGG SELL | Sent:1.00 RSI:55.9 BB:0.64 MACD:269.64"
2026-01-18,DOGE-USDT,0.13164,buy,42.99498142481027,NEGATIVE,"AGG BUY | Sent:1.00 RSI:43.0 BB:0.28 MACD:-0.00"
2026-01-18,DOT-USDT,2.065,sell,48.6634405052485,NEGATIVE,"AGG SELL | Sent:1.00 RSI:48.7 BB:0.43 MACD:0.00"
2026-01-18,ETH-USDT,3284.03,sell,59.7817535702802,NEGATIVE,"AGG SELL | Sent:1.00 RSI:59.8 BB:0.73 MACD:13.33"
2026-01-18,LTC-USDT,72.29,buy,36.21832662177135,NEGATIVE,"AGG BUY | Sent:1.00 RSI:36.2 BB:0.03 MACD:-0.78"
2026-01-18,SOL-USDT,137.87,sell,51.84639830835426,NEGATIVE,"AGG SELL | Sent:1.00 RSI:51.8 BB:0.53 MACD:0.30"
2026-01-18,XRP-USDT,1.9914,sell,45.13522919503596,NEGATIVE,"AGG SELL | Sent:1.00 RSI:45.1 BB:0.34 MACD:-0.01"
2026-01-19,ADA-USDT,0.3703,buy,42.93084954863556,NEGATIVE,"AGG BUY | Sent:0.99 RSI:42.9 BB:0.25 MACD:-0.00"
2026-01-19,BNB-USDT,923.6,sell,56.042750632161244,NEGATIVE,"AGG SELL | Sent:0.99 RSI:56.0 BB:0.64 MACD:1.67"
2026-01-19,BTC-USDT,92631,sell,51.92673271295144,NEGATIVE,"AGG SELL | Sent:0.99 RSI:51.9 BB:0.53 MACD:63.40"
2026-01-19,DOGE-USDT,0.12916,buy,40.917115298258935,NEGATIVE,"AGG BUY | Sent:0.99 RSI:40.9 BB:0.19 MACD:-0.00"
2026-01-19,DOT-USDT,2.028,buy,46.66995242491153,NEGATIVE,"AGG BUY | Sent:0.99 RSI:46.7 BB:0.30 MACD:-0.01"
2026-01-19,ETH-USDT,3189.55,sell,51.995646614935694,NEGATIVE,"AGG SELL | Sent:0.99 RSI:52.0 BB:0.52 MACD:3.31"
2026-01-19,LTC-USDT,70.8,buy,33.95934834189235,NEGATIVE,"AGG BUY | Sent:0.99 RSI:34.0 BB:0.01 MACD:-0.89"
2026-01-19,SOL-USDT,133.44,sell,46.17589007668335,NEGATIVE,"AGG SELL | Sent:0.99 RSI:46.2 BB:0.32 MACD:-0.40"
2026-01-19,XRP-USDT,1.986,sell,44.749877680340454,NEGATIVE,"AGG SELL | Sent:0.99 RSI:44.7 BB:0.30 MACD:-0.02"
2026-01-20,ADA-USDT,0.3507,buy,37.93158409308735,NEGATIVE,"AGG BUY | Sent:1.00 RSI:37.9 BB:-0.05 MACD:-0.00"
2026-01-20,BNB-USDT,884.2,buy,44.10253501947106,NEGATIVE,"AGG BUY | Sent:1.00 RSI:44.1 BB:0.23 MACD:-2.17"
2026-01-20,BTC-USDT,88427.66,buy,39.64003263150103,NEGATIVE,"AGG BUY | Sent:1.00 RSI:39.6 BB:0.09 MACD:-349.34"
2026-01-20,DOGE-USDT,0.12336,buy,36.47713070555544,NEGATIVE,"AGG BUY | Sent:1.00 RSI:36.5 BB:-0.03 MACD:-0.00"
2026-01-20,DOT-USDT,1.897,buy,40.3651477769319,NEGATIVE,"AGG BUY | Sent:1.00 RSI:40.4 BB:-0.12 MACD:-0.02"
2026-01-20,ETH-USDT,2939.88,buy,37.93505502827969,NEGATIVE,"AGG BUY | Sent:1.00 RSI:37.9 BB:-0.02 MACD:-19.66"
2026-01-20,LTC-USDT,67.12,buy,29.127310819182146,NEGATIVE,"AGG BUY | Sent:1.00 RSI:29.1 BB:-0.08 MACD:-1.14"
2026-01-20,SOL-USDT,125.8,buy,38.379746765707374,NEGATIVE,"AGG BUY | Sent:1.00 RSI:38.4 BB:-0.02 MACD:-1.33"
2026-01-20,XRP-USDT,1.89,buy,38.462854185428,NEGATIVE,"AGG BUY | Sent:1.00 RSI:38.5 BB:0.08 MACD:-0.02"
2026-01-21,ADA-USDT,0.3659,buy,43.432972097765976,NEGATIVE,"AGG BUY | Sent:0.98 RSI:43.4 BB:0.13 MACD:-0.00"
2026-01-21,BNB-USDT,883.36,buy,43.887848504931,NEGATIVE,"AGG BUY | Sent:0.98 RSI:43.9 BB:0.20 MACD:-4.66"
2026-01-21,BTC-USDT,89454.73,buy,43.177978216927265,NEGATIVE,"AGG BUY | Sent:0.98 RSI:43.2 BB:0.19 MACD:-535.30"
2026-01-21,DOGE-USDT,0.12654,buy,40.302028537152694,NEGATIVE,"AGG BUY | Sent:0.98 RSI:40.3 BB:0.07 MACD:-0.00"
2026-01-21,DOT-USDT,1.955,buy,43.97397014665024,NEGATIVE,"AGG BUY | Sent:0.98 RSI:44.0 BB:0.07 MACD:-0.02"
2026-01-21,ETH-USDT,2982.27,buy,40.85924262576903,NEGATIVE,"AGG BUY | Sent:0.98 RSI:40.9 BB:0.08 MACD:-30.85"
2026-01-21,LTC-USDT,68.48,buy,32.92572824319537,NEGATIVE,"AGG BUY | Sent:0.98 RSI:32.9 BB:0.06 MACD:-1.14"
2026-01-21,SOL-USDT,129.54,buy,43.41614430193935,NEGATIVE,"AGG BUY | Sent:0.98 RSI:43.4 BB:0.13 MACD:-1.63"
2026-01-21,XRP-USDT,1.9476,buy,43.584262848043615,NEGATIVE,"AGG BUY | Sent:0.98 RSI:43.6 BB:0.18 MACD:-0.02"
2026-01-22,ADA-USDT,0.3594,buy,41.72963482105968,NEGATIVE,"AGG BUY | Sent:0.98 RSI:41.7 BB:0.09 MACD:-0.00"
2026-01-22,BNB-USDT,888.06,buy,45.48683882324226,NEGATIVE,"AGG BUY | Sent:0.98 RSI:45.5 BB:0.24 MACD:-5.80"
2026-01-22,BTC-USDT,89559.67,buy,43.542104924514554,NEGATIVE,"AGG BUY | Sent:0.98 RSI:43.5 BB:0.21 MACD:-626.99"
2026-01-22,DOGE-USDT,0.12437,buy,38.59425721463181,NEGATIVE,"AGG BUY | Sent:0.98 RSI:38.6 BB:0.07 MACD:-0.00"
2026-01-22,DOT-USDT,1.927,buy,42.632680059717245,NEGATIVE,"AGG BUY | Sent:0.98 RSI:42.6 BB:0.06 MACD:-0.03"
2026-01-22,ETH-USDT,2952.69,buy,39.46204487234735,NEGATIVE,"AGG BUY | Sent:0.98 RSI:39.5 BB:0.07 MACD:-38.59"
2026-01-22,LTC-USDT,68.19,buy,32.525423705359344,NEGATIVE,"AGG BUY | Sent:0.98 RSI:32.5 BB:0.10 MACD:-1.08"
2026-01-22,SOL-USDT,128.47,buy,42.34968672306022,NEGATIVE,"AGG BUY | Sent:0.98 RSI:42.3 BB:0.10 MACD:-1.83"
2026-01-22,XRP-USDT,1.9236,buy,42.015229185680674,NEGATIVE,"AGG BUY | Sent:0.98 RSI:42.0 BB:0.15 MACD:-0.03"
2026-01-23,ADA-USDT,0.3602,buy,42.03096214026778,NEGATIVE,"AGG BUY | Sent:0.99 RSI:42.0 BB:0.14 MACD:-0.00"
2026-01-23,BNB-USDT,891.63,buy,46.728599964779676,NEGATIVE,"AGG BUY | Sent:0.99 RSI:46.7 BB:0.26 MACD:-6.10"
2026-01-23,BTC-USDT,89600.26,buy,43.692407176698985,NEGATIVE,"AGG BUY | Sent:0.99 RSI:43.7 BB:0.22 MACD:-657.47"
2026-01-23,DOGE-USDT,0.12477,buy,39.10647992657454,NEGATIVE,"AGG BUY | Sent:0.99 RSI:39.1 BB:0.13 MACD:-0.00"
2026-01-23,DOT-USDT,1.926,buy,42.582724120270264,NEGATIVE,"AGG BUY | Sent:0.99 RSI:42.6 BB:0.11 MACD:-0.03"
2026-01-23,ETH-USDT,2956.41,buy,39.741118044896936,NEGATIVE,"AGG BUY | Sent:0.99 RSI:39.7 BB:0.12 MACD:-41.56"
2026-01-23,LTC-USDT,68.07,buy,32.350156989878876,NEGATIVE,"AGG BUY | Sent:0.99 RSI:32.4 BB:0.14 MACD:-0.97"
2026-01-23,SOL-USDT,127.43,buy,41.288109538367216,NEGATIVE,"AGG BUY | Sent:0.99 RSI:41.3 BB:0.10 MACD:-1.94"
2026-01-23,XRP-USDT,1.9196,buy,41.745489068116996,NEGATIVE,"AGG BUY | Sent:0.99 RSI:41.7 BB:0.17 MACD:-0.02"
2026-01-24,ADA-USDT,0.3583,buy,41.4823038651332,NEGATIVE,"AGG BUY | Sent:1.00 RSI:41.5 BB:0.16 MACD:-0.00"
2026-01-24,BNB-USDT,887.17,buy,45.33909261488353,NEGATIVE,"AGG BUY | Sent:1.00 RSI:45.3 BB:0.22 MACD:-6.35"
2026-01-24,BTC-USDT,89225.34,buy,42.565210165746755,NEGATIVE,"AGG BUY | Sent:1.00 RSI:42.6 BB:0.21 MACD:-673.00"
2026-01-24,DOGE-USDT,0.12423,buy,38.63790199549515,NEGATIVE,"AGG BUY | Sent:1.00 RSI:38.6 BB:0.15 MACD:-0.00"
2026-01-24,DOT-USDT,1.93,buy,42.87109081660068,NEGATIVE,"AGG BUY | Sent:1.00 RSI:42.9 BB:0.16 MACD:-0.03"
2026-01-24,ETH-USDT,2953.22,buy,39.57264985819858,NEGATIVE,"AGG BUY | Sent:1.00 RSI:39.6 BB:0.15 MACD:-41.72"
2026-01-24,LTC-USDT,68.19,buy,32.740471759518016,NEGATIVE,"AGG BUY | Sent:1.00 RSI:32.7 BB:0.18 MACD:-0.83"
2026-01-24,SOL-USDT,127.21,buy,41.053671863336675,NEGATIVE,"AGG BUY | Sent:1.00 RSI:41.1 BB:0.13 MACD:-1.93"
2026-01-24,XRP-USDT,1.9143,buy,41.366533324269476,NEGATIVE,"AGG BUY | Sent:1.00 RSI:41.4 BB:0.19 MACD:-0.02"
2026-01-25,ADA-USDT,0.3391,buy,36.32242247337721,NEGATIVE,"AGG BUY | Sent:1.00 RSI:36.3 BB:0.02 MACD:-0.01"
2026-01-25,BNB-USDT,866.02,buy,39.361695940702056,NEGATIVE,"AGG BUY | Sent:1.00 RSI:39.4 BB:0.05 MACD:-7.62"
2026-01-25,BTC-USDT,86670.36,buy,35.78912944929787,NEGATIVE,"AGG BUY | Sent:1.00 RSI:35.8 BB:0.04 MACD:-815.94"
2026-01-25,DOGE-USDT,0.11945,buy,34.67700534878588,NEGATIVE,"AGG BUY | Sent:1.00 RSI:34.7 BB:0.07 MACD:-0.00"
2026-01-25,DOT-USDT,1.823,buy,37.452440662326595,NEGATIVE,"AGG BUY | Sent:1.00 RSI:37.5 BB:0.01 MACD:-0.03"
2026-01-25,ETH-USDT,2816.89,buy,33.112342745496925,NEGATIVE,"AGG BUY | Sent:1.00 RSI:33.1 BB:0.01 MACD:-48.52"
2026-01-25,LTC-USDT,67.3,buy,31.29815587836522,NEGATIVE,"AGG BUY | Sent:1.00 RSI:31.3 BB:0.18 MACD:-0.73"
2026-01-25,SOL-USDT,118.85,buy,33.312916480383066,NEGATIVE,"AGG BUY | Sent:1.00 RSI:33.3 BB:-0.06 MACD:-2.37"
2026-01-25,XRP-USDT,1.8356,buy,36.122765244770996,NEGATIVE,"AGG BUY | Sent:1.00 RSI:36.1 BB:0.05 MACD:-0.03"
2026-01-26,ADA-USDT,0.3521,buy,41.61765674935564,POSITIVE,"AGG BUY | Sent:0.68 RSI:41.6 BB:0.19 MACD:-0.00"
2026-01-26,BNB-USDT,879.41,buy,44.36273149734571,POSITIVE,"AGG BUY | Sent:0.68 RSI:44.4 BB:0.22 MACD:-7.22"
2026-01-26,BTC-USDT,88347.08,buy,42.282753155964336,POSITIVE,"AGG BUY | Sent:0.68 RSI:42.3 BB:0.22 MACD:-759.33"
2026-01-26,DOGE-USDT,0.12236,buy,38.79083411590404,POSITIVE,"AGG BUY | Sent:0.68 RSI:38.8 BB:0.18 MACD:-0.00"
2026-01-26,DOT-USDT,1.875,buy,41.33325462063434,POSITIVE,"AGG BUY | Sent:0.68 RSI:41.3 BB:0.15 MACD:-0.03"
2026-01-26,ETH-USDT,2930.35,buy,41.64993490130627,POSITIVE,"AGG BUY | Sent:0.68 RSI:41.6 BB:0.22 MACD:-43.07"
2026-01-26,LTC-USDT,69.72,buy,39.14798909870366,POSITIVE,"AGG BUY | Sent:0.68 RSI:39.1 BB:0.30 MACD:-0.45"
2026-01-26,SOL-USDT,124.24,buy,41.032772752425885,POSITIVE,"AGG BUY | Sent:0.68 RSI:41.0 BB:0.16 MACD:-2.18"
2026-01-26,XRP-USDT,1.9041,buy,42.906677029894716,POSITIVE,"AGG BUY | Sent:0.68 RSI:42.9 BB:0.21 MACD:-0.02"
2026-01-27,ADA-USDT,0.3608,buy,44.91878746662907,POSITIVE,"AGG BUY | Sent:0.99 RSI:44.9 BB:0.30 MACD:-0.00"
2026-01-27,BNB-USDT,898.36,buy,50.575288156554365,POSITIVE,"AGG BUY | Sent:0.99 RSI:50.6 BB:0.41 MACD:-5.44"
2026-01-27,BTC-USDT,89250,buy,45.48022011833948,POSITIVE,"AGG BUY | Sent:0.99 RSI:45.5 BB:0.31 MACD:-628.26"
2026-01-27,DOGE-USDT,0.12619,buy,43.80679770156825,POSITIVE,"AGG BUY | Sent:0.99 RSI:43.8 BB:0.31 MACD:-0.00"
2026-01-27,DOT-USDT,1.876,buy,41.40854302504307,POSITIVE,"AGG BUY | Sent:0.99 RSI:41.4 BB:0.19 MACD:-0.03"
2026-01-27,ETH-USDT,3026.77,buy,47.7531485676809,POSITIVE,"AGG BUY | Sent:0.99 RSI:47.8 BB:0.38 MACD:-31.21"
2026-01-27,LTC-USDT,70.03,buy,40.0922800694412,POSITIVE,"AGG BUY | Sent:0.99 RSI:40.1 BB:0.34 MACD:-0.21"
2026-01-27,SOL-USDT,127.19,buy,44.799209849628376,POSITIVE,"AGG BUY | Sent:0.99 RSI:44.8 BB:0.27 MACD:-1.75"
2026-01-27,XRP-USDT,1.9158,buy,44.00062641187566,POSITIVE,"AGG BUY | Sent:0.99 RSI:44.0 BB:0.26 MACD:-0.02"
2026-01-28,ADA-USDT,0.3583,buy,44.14631834187418,NEGATIVE,"AGG BUY | Sent:1.00 RSI:44.1 BB:0.30 MACD:-0.00"
2026-01-28,BNB-USDT,902.91,sell,51.9622797124339,NEGATIVE,"AGG SELL | Sent:1.00 RSI:52.0 BB:0.45 MACD:-3.78"
2026-01-28,BTC-USDT,89299.99,sell,45.659710406536306,NEGATIVE,"AGG SELL | Sent:1.00 RSI:45.7 BB:0.32 MACD:-510.39"
2026-01-28,DOGE-USDT,0.125,buy,42.63766397989454,NEGATIVE,"AGG BUY | Sent:1.00 RSI:42.6 BB:0.29 MACD:-0.00"
2026-01-28,DOT-USDT,1.87,buy,41.06799720423882,NEGATIVE,"AGG BUY | Sent:1.00 RSI:41.1 BB:0.21 MACD:-0.02"
2026-01-28,ETH-USDT,3010.78,sell,46.87746466850826,NEGATIVE,"AGG SELL | Sent:1.00 RSI:46.9 BB:0.36 MACD:-23.07"
2026-01-28,LTC-USDT,69.42,buy,38.81586194672283,NEGATIVE,"AGG BUY | Sent:1.00 RSI:38.8 BB:0.33 MACD:-0.06"
2026-01-28,SOL-USDT,125.35,buy,42.9562052827076,NEGATIVE,"AGG BUY | Sent:1.00 RSI:43.0 BB:0.24 MACD:-1.51"
2026-01-28,XRP-USDT,1.9111,buy,43.63889821529191,NEGATIVE,"AGG BUY | Sent:1.00 RSI:43.6 BB:0.27 MACD:-0.01"
2026-01-29,ADA-USDT,0.3347,buy,37.5768508993219,NEGATIVE,"AGG BUY | Sent:1.00 RSI:37.6 BB:0.09 MACD:-0.00"
2026-01-29,BNB-USDT,868.69,buy,42.33899187556972,NEGATIVE,"AGG BUY | Sent:1.00 RSI:42.3 BB:0.14 MACD:-4.76"
2026-01-29,BTC-USDT,84650.16,buy,34.33626608942023,NEGATIVE,"AGG BUY | Sent:1.00 RSI:34.3 BB:0.02 MACD:-705.75"
2026-01-29,DOGE-USDT,0.11728,buy,35.936978125228855,NEGATIVE,"AGG BUY | Sent:1.00 RSI:35.9 BB:0.12 MACD:-0.00"
2026-01-29,DOT-USDT,1.736,buy,34.286220968995096,NEGATIVE,"AGG BUY | Sent:1.00 RSI:34.3 BB:0.03 MACD:-0.03"
2026-01-29,ETH-USDT,2822.59,buy,38.03684674551191,NEGATIVE,"AGG BUY | Sent:1.00 RSI:38.0 BB:0.12 MACD:-28.62"
2026-01-29,LTC-USDT,66.24,buy,32.930047901365995,NEGATIVE,"AGG BUY | Sent:1.00 RSI:32.9 BB:0.18 MACD:-0.14"
2026-01-29,SOL-USDT,117.82,buy,36.363244147043275,NEGATIVE,"AGG BUY | Sent:1.00 RSI:36.4 BB:0.08 MACD:-1.74"
2026-01-29,XRP-USDT,1.8076,buy,36.51905802288652,NEGATIVE,"AGG BUY | Sent:1.00 RSI:36.5 BB:0.07 MACD:-0.02"
2026-01-30,ADA-USDT,0.3208,buy,34.335905873835095,POSITIVE,"AGG BUY | Sent:0.99 RSI:34.3 BB:0.03 MACD:-0.00"
2026-01-30,BNB-USDT,858.81,buy,40.033716497900016,POSITIVE,"AGG BUY | Sent:0.99 RSI:40.0 BB:0.10 MACD:-5.78"
2026-01-30,BTC-USDT,84260.49,buy,33.58459120035162,POSITIVE,"AGG BUY | Sent:0.99 RSI:33.6 BB:0.06 MACD:-813.71"
2026-01-30,DOGE-USDT,0.11581,buy,34.815018564395984,POSITIVE,"AGG BUY | Sent:0.99 RSI:34.8 BB:0.13 MACD:-0.00"
2026-01-30,DOT-USDT,1.69,buy,32.31351717196358,POSITIVE,"AGG BUY | Sent:0.99 RSI:32.3 BB:0.04 MACD:-0.03"
2026-01-30,ETH-USDT,2707.38,buy,33.83049853412489,POSITIVE,"AGG BUY | Sent:0.99 RSI:33.8 BB:0.04 MACD:-37.74"
2026-01-30,LTC-USDT,65.47,buy,31.67749404349951,POSITIVE,"AGG BUY | Sent:0.99 RSI:31.7 BB:0.15 MACD:-0.21"
2026-01-30,SOL-USDT,117.59,buy,36.18058235980607,POSITIVE,"AGG BUY | Sent:0.99 RSI:36.2 BB:0.12 MACD:-1.80"
2026-01-30,XRP-USDT,1.7352,buy,32.52186753640382,POSITIVE,"AGG BUY | Sent:0.99 RSI:32.5 BB:-0.01 MACD:-0.02"
2026-01-31,ADA-USDT,0.2936,buy,29.054974039440985,POSITIVE,"AGG BUY | Sent:1.00 RSI:29.1 BB:-0.08 MACD:-0.01"
2026-01-31,BNB-USDT,781.38,buy,27.429075778929214,POSITIVE,"AGG BUY | Sent:1.00 RSI:27.4 BB:-0.24 MACD:-11.06"
2026-01-31,BTC-USDT,78741.09,buy,25.177160360756723,POSITIVE,"AGG BUY | Sent:1.00 RSI:25.2 BB:-0.13 MACD:-1186.74"
2026-01-31,DOGE-USDT,0.10426,buy,27.539803733155495,POSITIVE,"AGG BUY | Sent:1.00 RSI:27.5 BB:-0.05 MACD:-0.00"
2026-01-31,DOT-USDT,1.547,buy,27.09452453506333,POSITIVE,"AGG BUY | Sent:1.00 RSI:27.1 BB:-0.06 MACD:-0.04"
2026-01-31,ETH-USDT,2451.95,buy,26.76382141649036,POSITIVE,"AGG BUY | Sent:1.00 RSI:26.8 BB:-0.11 MACD:-57.47"
2026-01-31,LTC-USDT,59.53,buy,24.071079147789867,POSITIVE,"AGG BUY | Sent:1.00 RSI:24.1 BB:-0.09 MACD:-0.59"
2026-01-31,SOL-USDT,105.58,buy,28.211459960573883,POSITIVE,"AGG BUY | Sent:1.00 RSI:28.2 BB:-0.06 MACD:-2.50"
2026-01-31,XRP-USDT,1.6472,buy,28.446285559149263,POSITIVE,"AGG BUY | Sent:1.00 RSI:28.4 BB:-0.07 MACD:-0.03"
2026-02-01,ADA-USDT,0.2858,buy,27.73750671025917,POSITIVE,"AGG BUY | Sent:0.99 RSI:27.7 BB:-0.03 MACD:-0.01"
2026-02-01,BNB-USDT,758.54,buy,24.935126267450133,POSITIVE,"AGG BUY | Sent:0.99 RSI:24.9 BB:-0.16 MACD:-15.23"
2026-02-01,BTC-USDT,76968.21,buy,23.170683154351657,POSITIVE,"AGG BUY | Sent:0.99 RSI:23.2 BB:-0.08 MACD:-1464.55"
2026-02-01,DOGE-USDT,0.10426,buy,27.539803733155495,POSITIVE,"AGG BUY | Sent:0.99 RSI:27.5 BB:0.03 MACD:-0.00"
2026-02-01,DOT-USDT,1.495,buy,25.482762405617482,POSITIVE,"AGG BUY | Sent:0.99 RSI:25.5 BB:-0.02 MACD:-0.05"
2026-02-01,ETH-USDT,2270.15,buy,23.070108436839497,POSITIVE,"AGG BUY | Sent:0.99 RSI:23.1 BB:-0.12 MACD:-78.00"
2026-02-01,LTC-USDT,58.49,buy,23.028460069361806,POSITIVE,"AGG BUY | Sent:0.99 RSI:23.0 BB:-0.04 MACD:-0.84"
2026-02-01,SOL-USDT,100.79,buy,25.77319758637413,POSITIVE,"AGG BUY | Sent:0.99 RSI:25.8 BB:-0.04 MACD:-3.08"
2026-02-01,XRP-USDT,1.5908,buy,26.181678977271954,POSITIVE,"AGG BUY | Sent:0.99 RSI:26.2 BB:-0.05 MACD:-0.04"
2026-02-02,ADA-USDT,0.2991,buy,33.2919357470513,NEGATIVE,"AGG BUY | Sent:0.98 RSI:33.3 BB:0.10 MACD:-0.01"
2026-02-02,BNB-USDT,773.94,buy,29.584094272375268,NEGATIVE,"AGG BUY | Sent:0.98 RSI:29.6 BB:0.01 MACD:-16.01"
2026-02-02,BTC-USDT,78738.61,buy,29.235525474093837,NEGATIVE,"AGG BUY | Sent:0.98 RSI:29.2 BB:0.07 MACD:-1438.67"
2026-02-02,DOGE-USDT,0.10792,buy,32.707691643302155,NEGATIVE,"AGG BUY | Sent:0.98 RSI:32.7 BB:0.14 MACD:-0.00"
2026-02-02,DOT-USDT,1.543,buy,29.643281915517566,NEGATIVE,"AGG BUY | Sent:0.98 RSI:29.6 BB:0.08 MACD:-0.05"
2026-02-02,ETH-USDT,2347.02,buy,27.61881968334598,NEGATIVE,"AGG BUY | Sent:0.98 RSI:27.6 BB:0.03 MACD:-81.26"
2026-02-02,LTC-USDT,60.02,buy,27.971320360755847,NEGATIVE,"AGG BUY | Sent:0.98 RSI:28.0 BB:0.07 MACD:-0.83"
2026-02-02,SOL-USDT,104.55,buy,30.827111079494056,NEGATIVE,"AGG BUY | Sent:0.98 RSI:30.8 BB:0.08 MACD:-3.02"
2026-02-02,XRP-USDT,1.6198,buy,29.298414357796553,NEGATIVE,"AGG BUY | Sent:0.98 RSI:29.3 BB:0.05 MACD:-0.04"
2026-02-03,ADA-USDT,0.2917,buy,31.826134339766128,POSITIVE,"AGG BUY | Sent:0.98 RSI:31.8 BB:0.09 MACD:-0.01"
2026-02-03,BNB-USDT,754.78,buy,27.317276231344618,POSITIVE,"AGG BUY | Sent:0.98 RSI:27.3 BB:0.01 MACD:-16.80"
2026-02-03,BTC-USDT,75770.21,buy,25.588248038559446,POSITIVE,"AGG BUY | Sent:0.98 RSI:25.6 BB:0.01 MACD:-1522.93"
2026-02-03,DOGE-USDT,0.10602,buy,31.453567054448417,POSITIVE,"AGG BUY | Sent:0.98 RSI:31.5 BB:0.12 MACD:-0.00"
2026-02-03,DOT-USDT,1.5,buy,28.128171714714075,POSITIVE,"AGG BUY | Sent:0.98 RSI:28.1 BB:0.08 MACD:-0.05"
2026-02-03,ETH-USDT,2233.72,buy,25.249100563990407,POSITIVE,"AGG BUY | Sent:0.98 RSI:25.2 BB:0.01 MACD:-85.48"
2026-02-03,LTC-USDT,59.48,buy,27.30485879754824,POSITIVE,"AGG BUY | Sent:0.98 RSI:27.3 BB:0.09 MACD:-0.78"
2026-02-03,SOL-USDT,97.89,buy,27.28355668503938,POSITIVE,"AGG BUY | Sent:0.98 RSI:27.3 BB:0.02 MACD:-3.21"
2026-02-03,XRP-USDT,1.5791,buy,27.540914800182986,POSITIVE,"AGG BUY | Sent:0.98 RSI:27.5 BB:0.04 MACD:-0.04"
2026-02-04,ADA-USDT,0.2864,buy,30.780824197451835,NEGATIVE,"AGG BUY | Sent:0.99 RSI:30.8 BB:0.10 MACD:-0.01"
2026-02-04,BNB-USDT,697.27,buy,21.894457198416077,NEGATIVE,"AGG BUY | Sent:0.99 RSI:21.9 BB:-0.09 MACD:-19.95"
2026-02-04,BTC-USDT,73165.83,buy,22.890064301256093,NEGATIVE,"AGG BUY | Sent:0.99 RSI:22.9 BB:-0.01 MACD:-1645.10"
2026-02-04,DOGE-USDT,0.10383,buy,30.024534042101724,NEGATIVE,"AGG BUY | Sent:0.99 RSI:30.0 BB:0.11 MACD:-0.00"
2026-02-04,DOT-USDT,1.461,buy,26.79070519842638,NEGATIVE,"AGG BUY | Sent:0.99 RSI:26.8 BB:0.09 MACD:-0.04"
2026-02-04,ETH-USDT,2148.26,buy,23.60399088290962,NEGATIVE,"AGG BUY | Sent:0.99 RSI:23.6 BB:0.03 MACD:-88.11"
2026-02-04,LTC-USDT,58.89,buy,26.560234871954474,NEGATIVE,"AGG BUY | Sent:0.99 RSI:26.6 BB:0.11 MACD:-0.71"
2026-02-04,SOL-USDT,92.12,buy,24.64085403714956,NEGATIVE,"AGG BUY | Sent:0.99 RSI:24.6 BB:0.00 MACD:-3.48"
2026-02-04,XRP-USDT,1.512,buy,24.890038456568284,NEGATIVE,"AGG BUY | Sent:0.99 RSI:24.9 BB:0.01 MACD:-0.04"
2026-02-05,ADA-USDT,0.2455,buy,24.18057875671347,POSITIVE,"AGG BUY | Sent:0.89 RSI:24.2 BB:-0.07 MACD:-0.01"
2026-02-05,BNB-USDT,608.3,buy,16.452976423431934,POSITIVE,"AGG BUY | Sent:0.89 RSI:16.5 BB:-0.18 MACD:-26.38"
2026-02-05,BTC-USDT,62909.86,buy,15.816948790244947,POSITIVE,"AGG BUY | Sent:0.89 RSI:15.8 BB:-0.18 MACD:-2269.19"
2026-02-05,DOGE-USDT,0.08849,buy,22.360994534877527,POSITIVE,"AGG BUY | Sent:0.89 RSI:22.4 BB:-0.11 MACD:-0.00"
2026-02-05,DOT-USDT,1.248,buy,20.935686359565178,POSITIVE,"AGG BUY | Sent:0.89 RSI:20.9 BB:-0.05 MACD:-0.05"
2026-02-05,ETH-USDT,1826.83,buy,18.675361458752633,POSITIVE,"AGG BUY | Sent:0.89 RSI:18.7 BB:-0.07 MACD:-104.46"
2026-02-05,LTC-USDT,50.79,buy,18.928403982363402,POSITIVE,"AGG BUY | Sent:0.89 RSI:18.9 BB:-0.13 MACD:-1.11"
2026-02-05,SOL-USDT,78.35,buy,19.72945505550368,POSITIVE,"AGG BUY | Sent:0.89 RSI:19.7 BB:-0.10 MACD:-4.30"
2026-02-05,XRP-USDT,1.2146,buy,17.054693095720662,POSITIVE,"AGG BUY | Sent:0.89 RSI:17.1 BB:-0.20 MACD:-0.06"
2026-02-06,ADA-USDT,0.2762,buy,35.38112019718264,NEGATIVE,"AGG BUY | Sent:1.00 RSI:35.4 BB:0.16 MACD:-0.01"
2026-02-06,BNB-USDT,657.21,buy,27.169092160969793,NEGATIVE,"AGG BUY | Sent:1.00 RSI:27.2 BB:0.04 MACD:-25.68"
2026-02-06,BTC-USDT,70580.26,buy,32.59315303320703,NEGATIVE,"AGG BUY | Sent:1.00 RSI:32.6 BB:0.11 MACD:-2025.97"
2026-02-06,DOGE-USDT,0.09848,buy,34.14899959333253,NEGATIVE,"AGG BUY | Sent:1.00 RSI:34.1 BB:0.13 MACD:-0.00"
2026-02-06,DOT-USDT,1.368,buy,30.191955045648744,NEGATIVE,"AGG BUY | Sent:1.00 RSI:30.2 BB:0.11 MACD:-0.05"
2026-02-06,ETH-USDT,2063.38,buy,30.22256806671942,NEGATIVE,"AGG BUY | Sent:1.00 RSI:30.2 BB:0.12 MACD:-92.71"
2026-02-06,LTC-USDT,55.02,buy,30.206858805991093,NEGATIVE,"AGG BUY | Sent:1.00 RSI:30.2 BB:0.09 MACD:-1.00"
2026-02-06,SOL-USDT,87.46,buy,29.711164583172696,NEGATIVE,"AGG BUY | Sent:1.00 RSI:29.7 BB:0.08 MACD:-3.94"
2026-02-06,XRP-USDT,1.4698,buy,35.74658231434571,NEGATIVE,"AGG BUY | Sent:1.00 RSI:35.7 BB:0.15 MACD:-0.05"
2026-02-07,ADA-USDT,0.2721,buy,34.645032282846614,NEGATIVE,"AGG BUY | Sent:0.93 RSI:34.6 BB:0.17 MACD:-0.01"
2026-02-07,BNB-USDT,647,buy,26.407629531170727,NEGATIVE,"AGG BUY | Sent:0.93 RSI:26.4 BB:0.07 MACD:-24.25"
2026-02-07,BTC-USDT,69289.38,buy,31.456994810160865,NEGATIVE,"AGG BUY | Sent:0.93 RSI:31.5 BB:0.12 MACD:-1819.15"
2026-02-07,DOGE-USDT,0.09823,buy,34.00983649228622,NEGATIVE,"AGG BUY | Sent:0.93 RSI:34.0 BB:0.16 MACD:-0.00"
2026-02-07,DOT-USDT,1.372,buy,30.48410310548254,NEGATIVE,"AGG BUY | Sent:0.93 RSI:30.5 BB:0.15 MACD:-0.04"
2026-02-07,ETH-USDT,2087.08,buy,31.27544308280022,NEGATIVE,"AGG BUY | Sent:0.93 RSI:31.3 BB:0.17 MACD:-77.33"
2026-02-07,LTC-USDT,55.19,buy,30.624573530696725,NEGATIVE,"AGG BUY | Sent:0.93 RSI:30.6 BB:0.14 MACD:-0.83"
2026-02-07,SOL-USDT,87.59,buy,29.845229635585156,NEGATIVE,"AGG BUY | Sent:0.93 RSI:29.8 BB:0.13 MACD:-3.43"
2026-02-07,XRP-USDT,1.4231,buy,34.226574871831495,NEGATIVE,"AGG BUY | Sent:0.93 RSI:34.2 BB:0.14 MACD:-0.04"
2026-02-08,ADA-USDT,0.2701,buy,34.27048284128524,NEGATIVE,"AGG BUY | Sent:1.00 RSI:34.3 BB:0.19 MACD:-0.00"
2026-02-08,BNB-USDT,639.93,buy,25.867002291411268,NEGATIVE,"AGG BUY | Sent:1.00 RSI:25.9 BB:0.11 MACD:-22.19"
2026-02-08,BTC-USDT,70330.38,buy,33.471055775671616,NEGATIVE,"AGG BUY | Sent:1.00 RSI:33.5 BB:0.18 MACD:-1493.03"
2026-02-08,DOGE-USDT,0.09663,buy,33.080687632661224,NEGATIVE,"AGG BUY | Sent:1.00 RSI:33.1 BB:0.16 MACD:-0.00"
2026-02-08,DOT-USDT,1.337,buy,29.32754878976396,NEGATIVE,"AGG BUY | Sent:1.00 RSI:29.3 BB:0.15 MACD:-0.03"
2026-02-08,ETH-USDT,2089.74,buy,31.40055549903315,NEGATIVE,"AGG BUY | Sent:1.00 RSI:31.4 BB:0.20 MACD:-61.65"
2026-02-08,LTC-USDT,54.53,buy,29.87694994044647,NEGATIVE,"AGG BUY | Sent:1.00 RSI:29.9 BB:0.15 MACD:-0.68"
2026-02-08,SOL-USDT,86.99,buy,29.56494525585188,NEGATIVE,"AGG BUY | Sent:1.00 RSI:29.6 BB:0.16 MACD:-2.89"
2026-02-08,XRP-USDT,1.4308,buy,34.71946871899604,NEGATIVE,"AGG BUY | Sent:1.00 RSI:34.7 BB:0.18 MACD:-0.03"
2026-02-09,ADA-USDT,0.2699,buy,34.23062922369496,NEGATIVE,"AGG BUY | Sent:0.89 RSI:34.2 BB:0.22 MACD:-0.00"
2026-02-09,BNB-USDT,636.39,buy,25.584569479255713,NEGATIVE,"AGG BUY | Sent:0.89 RSI:25.6 BB:0.14 MACD:-19.56"
2026-02-09,BTC-USDT,70138,buy,33.27645685675545,NEGATIVE,"AGG BUY | Sent:0.89 RSI:33.3 BB:0.21 MACD:-1184.53"
2026-02-09,DOGE-USDT,0.09611,buy,32.76736603591578,NEGATIVE,"AGG BUY | Sent:0.89 RSI:32.8 BB:0.19 MACD:-0.00"
2026-02-09,DOT-USDT,1.32,buy,28.756859621779746,NEGATIVE,"AGG BUY | Sent:0.89 RSI:28.8 BB:0.17 MACD:-0.03"
2026-02-09,ETH-USDT,2105.02,buy,32.16451754309735,NEGATIVE,"AGG BUY | Sent:0.89 RSI:32.2 BB:0.24 MACD:-45.66"
2026-02-09,LTC-USDT,54.45,buy,29.782042957519433,NEGATIVE,"AGG BUY | Sent:0.89 RSI:29.8 BB:0.19 MACD:-0.51"
2026-02-09,SOL-USDT,86.77,buy,29.455713320475112,NEGATIVE,"AGG BUY | Sent:0.89 RSI:29.5 BB:0.19 MACD:-2.33"
2026-02-09,XRP-USDT,1.437,buy,35.14093156262533,NEGATIVE,"AGG BUY | Sent:0.89 RSI:35.1 BB:0.22 MACD:-0.02"
2026-02-10,ADA-USDT,0.262,buy,32.61710773707632,POSITIVE,"AGG BUY | Sent:0.99 RSI:32.6 BB:0.20 MACD:-0.00"
2026-02-10,BNB-USDT,619.85,buy,24.252163820538904,POSITIVE,"AGG BUY | Sent:0.99 RSI:24.3 BB:0.15 MACD:-17.50"
2026-02-10,BTC-USDT,68841.29,buy,31.928972959884494,POSITIVE,"AGG BUY | Sent:0.99 RSI:31.9 BB:0.20 MACD:-971.04"
2026-02-10,DOGE-USDT,0.09277,buy,30.752596397030224,POSITIVE,"AGG BUY | Sent:0.99 RSI:30.8 BB:0.16 MACD:-0.00"
2026-02-10,DOT-USDT,1.283,buy,27.502468350959287,POSITIVE,"AGG BUY | Sent:0.99 RSI:27.5 BB:0.17 MACD:-0.02"
2026-02-10,ETH-USDT,2022.67,buy,30.21174387610917,POSITIVE,"AGG BUY | Sent:0.99 RSI:30.2 BB:0.22 MACD:-36.44"
2026-02-10,LTC-USDT,53.38,buy,28.47898168256694,POSITIVE,"AGG BUY | Sent:0.99 RSI:28.5 BB:0.18 MACD:-0.40"
2026-02-10,SOL-USDT,82.99,buy,27.5708636326579,POSITIVE,"AGG BUY | Sent:0.99 RSI:27.6 BB:0.17 MACD:-2.01"
2026-02-10,XRP-USDT,1.3999,buy,33.73730088767473,POSITIVE,"AGG BUY | Sent:0.99 RSI:33.7 BB:0.21 MACD:-0.02"
2026-02-11,ADA-USDT,0.2559,buy,31.386852931135518,NEGATIVE,"AGG BUY | Sent:0.98 RSI:31.4 BB:0.19 MACD:-0.00"
2026-02-11,BNB-USDT,608.11,buy,23.323683363272036,NEGATIVE,"AGG BUY | Sent:0.98 RSI:23.3 BB:0.16 MACD:-15.56"
2026-02-11,BTC-USDT,67082.52,buy,30.145913496636346,NEGATIVE,"AGG BUY | Sent:0.98 RSI:30.1 BB:0.19 MACD:-855.55"
2026-02-11,DOGE-USDT,0.09112,buy,29.778484999311257,NEGATIVE,"AGG BUY | Sent:0.98 RSI:29.8 BB:0.16 MACD:-0.00"
2026-02-11,DOT-USDT,1.256,buy,26.59093635053501,NEGATIVE,"AGG BUY | Sent:0.98 RSI:26.6 BB:0.18 MACD:-0.02"
2026-02-11,ETH-USDT,1941.18,buy,28.375843755730855,NEGATIVE,"AGG BUY | Sent:0.98 RSI:28.4 BB:0.20 MACD:-31.81"
2026-02-11,LTC-USDT,52.32,buy,27.20890990331448,NEGATIVE,"AGG BUY | Sent:0.98 RSI:27.2 BB:0.18 MACD:-0.34"
2026-02-11,SOL-USDT,79.3,buy,25.833054079117584,NEGATIVE,"AGG BUY | Sent:0.98 RSI:25.8 BB:0.16 MACD:-1.84"
2026-02-11,XRP-USDT,1.3697,buy,32.59594553288041,NEGATIVE,"AGG BUY | Sent:0.98 RSI:32.6 BB:0.21 MACD:-0.02"
2026-02-12,ADA-USDT,0.2643,buy,35.02143018870453,NEGATIVE,"AGG BUY | Sent:0.99 RSI:35.0 BB:0.27 MACD:-0.00"
2026-02-12,BNB-USDT,614.29,buy,24.952468315309766,NEGATIVE,"AGG BUY | Sent:0.99 RSI:25.0 BB:0.21 MACD:-12.62"
2026-02-12,BTC-USDT,66272.17,buy,29.333106911479263,NEGATIVE,"AGG BUY | Sent:0.99 RSI:29.3 BB:0.20 MACD:-745.07"
2026-02-12,DOGE-USDT,0.093,buy,32.40569932770943,NEGATIVE,"AGG BUY | Sent:0.99 RSI:32.4 BB:0.23 MACD:-0.00"
2026-02-12,DOT-USDT,1.283,buy,29.120837243780283,NEGATIVE,"AGG BUY | Sent:0.99 RSI:29.1 BB:0.23 MACD:-0.01"
2026-02-12,ETH-USDT,1947.85,buy,28.757453005613193,NEGATIVE,"AGG BUY | Sent:0.99 RSI:28.8 BB:0.23 MACD:-24.60"
2026-02-12,LTC-USDT,53.15,buy,29.847101542072057,NEGATIVE,"AGG BUY | Sent:0.99 RSI:29.8 BB:0.24 MACD:-0.18"
2026-02-12,SOL-USDT,78.4,buy,25.412330233752684,NEGATIVE,"AGG BUY | Sent:0.99 RSI:25.4 BB:0.18 MACD:-1.60"
2026-02-12,XRP-USDT,1.3635,buy,32.353950034851145,NEGATIVE,"AGG BUY | Sent:0.99 RSI:32.4 BB:0.23 MACD:-0.01"
2026-02-13,ADA-USDT,0.2632,buy,34.76174557152137,POSITIVE,"AGG BUY | Sent:1.00 RSI:34.8 BB:0.28 MACD:-0.00"
2026-02-13,BNB-USDT,599.2,buy,23.63240179636758,POSITIVE,"AGG BUY | Sent:1.00 RSI:23.6 BB:0.20 MACD:-10.53"
2026-02-13,BTC-USDT,67125.72,buy,31.430270059229535,POSITIVE,"AGG BUY | Sent:1.00 RSI:31.4 BB:0.24 MACD:-535.64"
2026-02-13,DOGE-USDT,0.09354,buy,33.17901845782865,POSITIVE,"AGG BUY | Sent:1.00 RSI:33.2 BB:0.26 MACD:-0.00"
2026-02-13,DOT-USDT,1.276,buy,28.843302241228518,POSITIVE,"AGG BUY | Sent:1.00 RSI:28.8 BB:0.24 MACD:-0.01"
2026-02-13,ETH-USDT,1962.32,buy,29.633351184126138,POSITIVE,"AGG BUY | Sent:1.00 RSI:29.6 BB:0.26 MACD:-15.59"
2026-02-13,LTC-USDT,53.43,buy,30.758812648136285,POSITIVE,"AGG BUY | Sent:1.00 RSI:30.8 BB:0.27 MACD:-0.01"
2026-02-13,SOL-USDT,80.09,buy,27.790509207770725,POSITIVE,"AGG BUY | Sent:1.00 RSI:27.8 BB:0.23 MACD:-1.15"
2026-02-13,XRP-USDT,1.3629,buy,32.32893625274884,POSITIVE,"AGG BUY | Sent:1.00 RSI:32.3 BB:0.25 MACD:-0.01"